[{"user_id": 110767005095620731, "classification": "pro"}, {"user_id": 109274329733480175, "classification": "anti"}, {"user_id": 108201902575564259, "classification": "anti"}, {"user_id": 108201902575564259, "classification": "pro"}, {"user_id": 109452425718930359, "classification": "pro"}, {"user_id": 109452425718930359, "classification": "pro"}, {"user_id": 109995073835025313, "classification": "pro"}, {"user_id": 109995073835025313, "classification": "anti"}, {"user_id": 110023114548582754, "classification": "pro"}, {"user_id": 108201902575564259, "classification": "pro"}, {"user_id": 108201902575564259, "classification": "pro"}, {"user_id": 109574039761339115, "classification": "pro"}, {"user_id": 109298781299498965, "classification": "neutral"}, {"user_id": 109298781299498965, "classification": "anti"}, {"user_id": 109452425718930359, "classification": "pro"}, {"user_id": 109452425718930359, "classification": "neutral"}, {"user_id": 108201902575564259, "classification": "pro"}, {"user_id": 110730993164048259, "classification": "anti"}, {"user_id": 110895825141522681, "classification": "neutral"}, {"user_id": 110895825141522681, "classification": "anti"}, {"user_id": 110895825141522681, "classification": "neutral"}, {"user_id": 109452425718930359, "classification": "pro"}, {"user_id": 109452425718930359, "classification": "neutral"}, {"user_id": 111048740699693650, "classification": "pro"}, {"user_id": 111048740699693650, "classification": "neutral"}, {"user_id": 111048740699693650, "classification": "pro"}]